"","ano","prop"
"1",1989,0.752773742479518
"2",1994,0.633495776306674
"3",1998,0.627461185819395
"4",2002,0.731940131244365
"5",2006,0.378748808810144
"6",2010,0.733075348955126
"7",2014,0.74430153425717
